Code,Date_colle,Location_n,Country,Latitude,Longitude,number_col,Afum_01,number_ARA,ARAf_01,sample_Afu,SAMPLE_1_e,urban_rura,tasmax
SS18-169-02,21/06/2018,2,UK,52.65,-8.59,0,0,0,0,0,21,urban,
SS18-314-02,21/06/2018,2,UK,57.23,-7.36,0,0,0,0,0,4,rural,14.0078249
SS18-314-01,21/06/2018,1,UK,57.23,-7.36,0,0,0,0,0,4,rural,14.0078249
SS18-106-01,21/06/2018,1,UK,54.98,-7.29,0,0,0,0,0,21,urban,15.49308491
SS18-106-02,21/06/2018,2,UK,55.29,-7.23,0,0,0,0,0,4,rural,
SS18-038-02,21/06/2018,2,UK,57.80,-5.67,0,0,0,0,0,4,rural,14.58221912
SS18-253-02,21/06/2018,2,UK,55.44,-5.55,0,0,0,0,0,4,rural,15.36369514
SS18-285-01,22/06/2018,1,UK,50.10,-5.55,3,1,1,1,2,21,urban,18.83595657
SS18-253-01,21/06/2018,1,UK,55.46,-5.54,0,0,0,0,0,20,urban,14.56131744
SS18-186-01,21/06/2018,1,UK,50.23,-5.28,0,0,0,0,0,21,urban,15.04706955
SS18-186-02,21/06/2018,2,UK,50.10,-5.26,0,0,0,0,0,21,urban,15.97938061
SS18-353-01,21/06/2018,1,UK,50.30,-5.20,0,0,0,0,0,21,urban,15.09692383
SS18-352-01,21/06/2018,1,UK,50.17,-5.12,0,0,0,0,0,21,urban,15.80553246
SS18-352-02,21/06/2018,2,UK,50.16,-5.10,1,1,0,0,1,21,urban,16.96771431
SS18-353-02,21/06/2018,2,UK,50.26,-5.09,1,1,0,0,1,21,urban,16.25656509
SS18-285-02,22/06/2018,2,UK,50.15,-5.07,2,1,0,0,1,21,urban,18.83595657
SS18-323-01,21/06/2018,1,UK,55.82,-5.02,1,1,0,0,1,20,urban,15.31078529
SS18-323-02,21/06/2018,2,UK,55.82,-5.02,0,0,0,0,0,1,rural,15.31078529
SS18-343-01,21/06/2018,1,UK,51.66,-4.98,0,0,0,0,0,4,rural,16.4892025
SS18-342-02,21/06/2018,2,UK,51.80,-4.96,0,0,0,0,0,20,urban,15.92900085
SS18-343-01,21/06/2018,2,UK,51.65,-4.95,0,0,0,0,0,21,urban,16.74938202
SS18-342-01,21/06/2018,1,UK,51.86,-4.94,0,0,0,0,0,21,urban,15.38492107
SS18-322-02,21/06/2018,2,UK,55.69,-4.86,0,0,0,0,0,21,urban,15.45149136
SS18-322-01,21/06/2018,1,UK,55.68,-4.85,0,0,0,0,0,20,urban,15.7591753
SS18-318-01,21/06/2018,1,UK,53.30,-4.62,0,0,0,0,0,20,urban,15.17303944
SS18-057-01,21/06/2018,1,UK,57.58,-4.54,0,0,0,0,0,21,urban,15.46450138
SS18-073-01,21/06/2018,1,UK,54.95,-4.48,1,1,1,1,2,21,urban,16.22054863
SS18-073-02,21/06/2018,2,UK,54.95,-4.48,1,1,0,0,1,21,urban,16.39201927
SS18-114-01,21/06/2018,1,UK,50.69,-4.45,0,0,0,0,0,21,urban,16.93180084
SS18-038-01,21/06/2018,1,UK,57.67,-4.40,0,0,0,0,0,2,rural,14.38543129
SS18-114-02,21/06/2018,2,UK,50.62,-4.35,3,1,0,0,1,21,urban,17.3058033
SS18-318-02,21/06/2018,2,UK,53.24,-4.30,0,0,0,0,0,21,urban,16.00255585
SS18-116-01,21/06/2018,1,UK,51.73,-4.29,1,1,0,0,1,21,urban,17.22612
SS18-116-02,21/06/2018,2,UK,51.73,-4.29,0,0,0,0,0,21,urban,17.22612
SS18-115-01,21/06/2018,1,UK,50.96,-4.25,5,1,0,0,1,21,urban,16.43894768
SS18-115-02,21/06/2018,2,UK,50.96,-4.25,0,0,0,0,0,21,urban,16.43894768
SS18-365-02,22/06/2018,2,UK,50.95,-4.24,0,0,0,0,0,21,urban,19.47428894
SS18-365-01,22/06/2018,1,UK,50.95,-4.24,1,1,0,0,1,21,urban,19.47428894
SS18-324-01,21/06/2018,1,UK,55.86,-4.21,0,0,0,0,0,21,urban,17.13276672
SS18-184-01,21/06/2018,1,UK,51.76,-4.20,1,1,0,0,1,21,urban,17.12178421
SS18-324-02,21/06/2018,2,UK,55.86,-4.19,2,1,0,0,1,4,rural,17.17637444
SS18-109-01,21/06/2018,1,UK,53.22,-4.16,0,0,0,0,0,21,urban,16.47008514
SS18-270-01,21/06/2018,1,UK,50.38,-4.16,1,1,0,0,1,21,urban,19.83733749
SS18-184-02,21/06/2018,2,UK,51.84,-4.14,0,0,0,0,0,3,rural,17.16739273
SS18-130-02,21/06/2018,2,UK,53.22,-4.13,0,0,0,0,0,21,urban,16.7121315
SS18-142-01,21/06/2018,1,UK,53.22,-4.13,0,0,0,0,0,21,urban,16.74077988
SS18-109-02,21/06/2018,2,UK,53.22,-4.13,0,0,0,0,0,21,urban,16.74077988
SS18-317-01,21/06/2018,1,UK,53.22,-4.13,0,0,0,0,0,21,urban,16.74077988
SS18-142-02,21/06/2018,2,UK,53.22,-4.13,0,0,0,0,0,21,urban,16.74077988
SS18-270-02,21/06/2018,2,UK,50.37,-4.13,0,0,0,0,0,20,urban,20.21398354
SS18-204-02,21/06/2018,2,UK,50.41,-4.12,0,0,0,0,0,21,urban,19.36035538
SS18-337-01,21/06/2018,1,UK,53.19,-4.08,0,0,0,0,0,21,urban,15.30421925
SS18-337-01,21/06/2018,2,UK,53.19,-4.08,0,0,0,0,0,21,urban,15.30421925
SS18-041-01,21/06/2018,1,UK,54.84,-4.04,0,0,0,0,0,21,urban,17.39747047
SS18-020-01,21/06/2018,1,UK,57.68,-4.03,0,0,0,0,0,21,urban,15.46450138
SS18-020-02,21/06/2018,2,UK,57.68,-4.03,0,0,0,0,0,21,urban,15.46450138
SS18-204-01,21/06/2018,1,UK,50.35,-4.03,16,1,3,1,2,21,urban,19.57393074
SS18-345-02,21/06/2018,2,UK,51.61,-3.98,4,1,0,0,1,21,urban,17.64917183
SS18-345-01,21/06/2018,1,UK,51.61,-3.98,2,1,0,0,1,21,urban,17.64917183
SS18-317-02,21/06/2018,2,UK,53.24,-3.97,0,0,0,0,0,21,urban,15.63122654
SS18-130-01,21/06/2018,1,UK,53.26,-3.85,0,0,0,0,0,21,urban,15.84936905
SS18-403-01,22/06/2018,1,UK,53.30,-3.81,3,1,1,1,2,21,urban,16.21179199
SS18-268-02,21/06/2018,2,UK,50.32,-3.79,1,1,0,0,1,21,urban,18.60518646
SS18-386-01,21/06/2018,1,UK,50.44,-3.77,0,0,0,0,0,21,urban,18.55209732
SS18-268-01,21/06/2018,1,UK,50.28,-3.77,0,0,0,0,0,21,urban,18.73314285
SS18-165-02,21/06/2018,2,UK,55.98,-3.73,0,0,0,0,0,20,urban,17.509655
SS18-102-01,21/06/2018,1,UK,55.82,-3.71,0,0,0,0,0,21,urban,15.87276745
SS18-076-02,21/06/2018,2,UK,55.05,-3.59,1,1,0,0,1,21,urban,18.08900261
SS18-077-01,21/06/2018,1,UK,50.52,-3.59,4,1,0,0,1,20,urban,20.47469521
SS18-076-01,21/06/2018,1,UK,55.06,-3.58,0,0,0,0,0,21,urban,18.5520649
SS18-346-02,21/06/2018,2,UK,51.52,-3.56,0,0,0,0,0,21,urban,18.56443787
SS18-346-01,21/06/2018,1,UK,51.52,-3.56,1,1,0,0,1,21,urban,18.08867645
SS18-325-01,21/06/2018,1,UK,51.52,-3.56,0,0,0,0,0,21,urban,18.08867645
SS18-386-02,21/06/2018,2,UK,50.71,-3.53,1,1,0,0,1,21,urban,19.78793907
SS18-077-02,21/06/2018,2,UK,50.50,-3.52,0,0,0,0,0,21,urban,19.54396248
SS18-402-01,21/06/2018,1,UK,55.71,-3.51,0,0,0,0,0,4,rural,16.09251595
SS18-216-02,21/06/2018,2,UK,50.72,-3.50,0,0,0,0,0,21,urban,19.40920448
SS18-382-01,21/06/2018,1,UK,54.39,-3.48,0,0,0,0,0,4,rural,16.52121544
SS18-216-01,21/06/2018,1,UK,50.90,-3.48,0,0,0,0,0,21,urban,19.79634666
SS18-382-02,21/06/2018,2,UK,54.40,-3.47,2,1,0,0,1,21,urban,16.57603455
SS18-074-02,21/06/2018,2,UK,54.39,-3.47,1,1,1,1,2,21,urban,16.57603455
SS18-074-01,21/06/2018,1,UK,54.39,-3.47,0,0,0,0,0,21,urban,16.57603455
SS18-166-02,21/06/2018,2,UK,56.06,-3.45,2,1,0,0,1,20,urban,17.7874794
SS18-072-01,21/06/2018,1,UK,54.42,-3.42,1,1,0,0,1,21,urban,15.93197155
SS18-072-02,21/06/2018,2,UK,54.42,-3.42,1,1,0,0,1,21,urban,15.93197155
SS18-094-01,21/06/2018,1,UK,54.64,-3.40,0,0,0,0,0,21,urban,16.68934059
SS18-392-01,21/06/2018,1,UK,51.72,-3.36,0,0,0,0,0,21,urban,18.37165451
SS18-392-02,21/06/2018,2,UK,51.72,-3.36,0,0,0,0,0,20,urban,18.37165451
SS18-420-02,21/06/2018,2,UK,56.59,-3.33,3,1,0,0,1,21,urban,17.00457954
SS18-166-01,21/06/2018,1,UK,55.94,-3.31,5,1,0,0,1,21,urban,17.99646568
SS18-165-01,21/06/2018,1,UK,55.94,-3.31,12,1,0,0,1,21,urban,17.75941086
SS18-395-01,21/06/2018,1,UK,56.14,-3.27,0,0,0,0,0,21,urban,17.70919228
SS18-117-02,21/06/2018,2,UK,51.54,-3.26,0,0,0,0,0,21,urban,19.97797394
SS18-117-01,21/06/2018,1,UK,51.54,-3.26,1,1,0,0,1,21,urban,19.97797394
SS18-060-01,22/06/2018,1,UK,56.51,-3.26,0,0,0,0,0,3,rural,19.48331451
SS18-060-02,22/06/2018,2,UK,56.51,-3.26,2,1,0,0,1,3,rural,19.48331451
SS18-402-02,21/06/2018,2,UK,55.59,-3.25,0,0,0,0,0,1,rural,15.46161366
SS18-379-01,21/06/2018,1,UK,55.95,-3.24,1,1,0,0,1,21,urban,18.38004303
SS18-036-02,22/06/2018,2,UK,51.77,-3.24,0,0,0,0,0,21,urban,22.47700119
SS18-110-02,21/06/2018,2,UK,53.18,-3.23,0,0,0,0,0,4,rural,14.94752789
SS18-110-01,21/06/2018,1,UK,53.18,-3.23,0,0,0,0,0,4,rural,14.94752789
SS18-420-01,21/06/2018,1,UK,56.61,-3.23,3,1,0,0,1,21,urban,17.14294243
SS18-385-01,21/06/2018,1,UK,50.97,-3.23,2,1,0,0,1,21,urban,19.31222343
SS18-097-01,21/06/2018,1,UK,55.83,-3.22,0,0,0,0,0,21,urban,16.52443123
SS18-037-02,21/06/2018,2,UK,51.52,-3.21,0,0,0,0,0,21,urban,20.07091331
SS18-325-02,21/06/2018,2,UK,51.49,-3.21,0,0,0,0,0,20,urban,20.29729652
SS18-093-01,21/06/2018,1,UK,55.91,-3.21,0,0,0,0,0,21,urban,18.13368416
SS18-093-02,21/06/2018,2,UK,55.91,-3.21,2,1,0,0,1,1,rural,17.83055305
SS18-091-01,21/06/2018,1,UK,55.96,-3.21,2,1,0,0,1,21,urban,18.3993721
SS18-091-02,21/06/2018,2,UK,55.96,-3.21,0,0,0,0,0,21,urban,18.3993721
SS18-101-01,21/06/2018,1,UK,55.97,-3.21,1,1,0,0,1,21,urban,18.22415924
SS18-101-02,21/06/2018,2,UK,55.97,-3.21,0,0,0,0,0,21,urban,18.22415924
SS18-102-02,20/06/2018,2,UK,55.86,-3.20,0,0,0,0,0,21,urban,14.50233173
SS18-037-01,21/06/2018,1,UK,51.52,-3.20,0,0,0,0,0,21,urban,20.07091331
SS18-220-01,21/06/2018,1,UK,55.86,-3.20,0,0,0,0,0,21,urban,16.27369881
SS18-098-02,21/06/2018,2,UK,55.86,-3.20,0,0,0,0,0,21,urban,16.27369881
SS18-100-02,21/06/2018,2,UK,55.86,-3.20,0,0,0,0,0,21,urban,16.27369881
SS18-096-02,21/06/2018,2,UK,55.86,-3.20,0,0,0,0,0,21,urban,16.27369881
SS18-097-02,21/06/2018,2,UK,55.86,-3.20,1,1,0,0,1,21,urban,16.27369881
SS18-379-02,21/06/2018,2,UK,55.96,-3.20,0,0,0,0,0,20,urban,18.3993721
SS18-036-01,21/06/2018,1,UK,51.79,-3.20,0,0,0,0,0,21,urban,17.43745422
SS18-099-02,21/06/2018,2,UK,55.65,-3.19,0,0,0,0,0,21,urban,17.28528023
SS18-099-01,21/06/2018,1,UK,55.65,-3.19,0,0,0,0,0,21,urban,17.28528023
SS18-217-01,21/06/2018,1,UK,55.64,-3.19,1,1,0,0,1,21,urban,16.95171356
SS18-175-02,21/06/2018,2,UK,53.37,-3.18,0,0,0,0,0,20,urban,16.9924202
SS18-175-01,21/06/2018,1,UK,53.37,-3.18,2,1,0,0,1,20,urban,16.9924202
SS18-358-02,21/06/2018,2,UK,53.22,-3.18,0,0,0,0,0,21,urban,14.11707687
SS18-358-01,21/06/2018,1,UK,53.22,-3.18,0,0,0,0,0,21,urban,14.11707687
SS18-092-01,21/06/2018,1,UK,55.92,-3.18,0,0,0,0,0,21,urban,18.42222977
SS18-162-02,21/06/2018,2,UK,51.48,-3.17,0,0,0,0,0,20,urban,19.97708702
SS18-378-02,21/06/2018,2,UK,55.92,-3.17,1,1,0,0,1,21,urban,18.26472092
SS18-217-02,21/06/2018,2,UK,55.64,-3.17,1,1,0,0,1,21,urban,17.50522995
SS18-100-01,21/06/2018,1,UK,55.94,-3.17,1,1,0,0,1,20,urban,18.12932777
SS18-084-01,21/06/2018,1,UK,55.92,-3.17,1,1,0,0,1,21,urban,18.42222977
SS18-084-02,21/06/2018,2,UK,55.92,-3.17,2,1,1,1,2,20,urban,18.26472092
SS18-418-01,21/06/2018,1,UK,55.92,-3.17,0,0,0,0,0,20,urban,18.26472092
SS18-092-02,21/06/2018,2,UK,55.92,-3.16,2,1,0,0,1,21,urban,18.40831566
SS18-018-03,21/06/2018,3,UK,55.91,-3.16,0,0,0,0,0,21,urban,17.93472481
SS18-418-02,21/06/2018,2,UK,55.92,-3.16,3,1,0,0,1,21,urban,18.26472092
SS18-395-02,21/06/2018,2,UK,56.12,-3.16,0,0,0,0,0,20,urban,17.74557877
SS18-378-01,21/06/2018,1,UK,55.92,-3.15,2,1,0,0,1,21,urban,18.42317581
SS18-219-01,21/06/2018,1,UK,55.64,-3.15,0,0,0,0,0,21,urban,17.5918541
SS18-407-02,21/06/2018,2,UK,55.95,-3.15,0,0,0,0,0,20,urban,18.28038025
SS18-407-01,21/06/2018,1,UK,55.95,-3.15,2,1,0,0,1,20,urban,18.28038025
SS18-096-01,21/06/2018,1,UK,55.90,-3.14,1,1,0,0,1,21,urban,17.75697708
SS18-414-01,21/06/2018,1,UK,51.00,-3.12,3,1,0,0,1,21,urban,20.3154335
SS18-121-01,21/06/2018,1,UK,50.95,-3.12,2,1,0,0,1,21,urban,19.50208855
SS18-121-02,21/06/2018,2,UK,50.95,-3.12,2,1,0,0,1,21,urban,19.50208855
SS18-404-01,22/06/2018,1,UK,53.34,-3.10,0,0,0,0,0,21,urban,17.8866806
SS18-385-02,21/06/2018,2,UK,51.01,-3.09,0,0,0,0,0,20,urban,20.58244705
SS18-321-02,21/06/2018,2,UK,52.86,-3.07,0,0,0,0,0,21,urban,16.55722618
SS18-321-01,21/06/2018,1,UK,52.86,-3.07,0,0,0,0,0,21,urban,16.55722618
SS18-081-01,20/06/2018,1,UK,55.93,-3.04,1,1,0,0,1,21,urban,15.98250484
SS18-127-01,21/06/2018,1,UK,53.43,-3.04,0,0,0,0,0,21,urban,16.23963547
SS18-127-02,21/06/2018,2,UK,53.43,-3.04,5,1,0,0,1,20,urban,16.23963547
SS18-171-01,21/06/2018,1,UK,55.93,-3.04,0,0,0,0,0,20,urban,18.00569153
SS18-081-02,21/06/2018,2,UK,55.93,-3.04,1,1,0,0,1,21,urban,17.93289566
SS18-171-02,21/06/2018,2,UK,55.91,-3.02,0,0,0,0,0,1,rural,17.45113182
SS18-122-01,21/06/2018,1,UK,56.45,-3.01,4,1,0,0,1,21,urban,17.14849281
SS18-068-01,21/06/2018,1,UK,53.80,-3.01,6,1,2,1,2,21,urban,16.36651039
SS18-068-02,21/06/2018,2,UK,53.80,-3.01,0,0,0,0,0,21,urban,16.36651039
SS18-414-02,21/06/2018,2,UK,51.13,-3.00,0,0,0,0,0,20,urban,20.07570648
SS18-122-02,21/06/2018,2,UK,56.46,-2.98,1,1,0,0,1,20,urban,18.30862617
SS18-103-02,21/06/2018,2,UK,56.46,-2.97,0,0,0,0,0,20,urban,18.51544571
SS18-062-02,21/06/2018,2,UK,53.40,-2.96,2,1,0,0,1,20,urban,16.48518944
SS18-404-02,22/06/2018,2,UK,53.40,-2.96,0,0,0,0,0,20,urban,18.31497002
SS18-094-02,21/06/2018,2,UK,54.89,-2.95,1,1,0,0,1,20,urban,18.99948311
SS18-062-01,21/06/2018,1,UK,53.39,-2.94,2,1,0,0,1,21,urban,16.56856155
SS18-431-02,assume21/06/2018,2,UK,53.38,-2.94,1,1,0,0,1,21,urban,16.58919716
SS18-176-02,21/06/2018,2,UK,53.17,-2.91,2,1,0,0,1,21,urban,16.40899849
SS18-174-02,21/06/2018,2,UK,53.44,-2.91,3,1,0,0,1,21,urban,17.18540764
SS18-174-01,21/06/2018,1,UK,53.44,-2.91,3,1,0,0,1,21,urban,17.18540764
SS18-209-01,21/06/2018,1,UK,53.36,-2.91,0,0,0,0,0,21,urban,16.52813148
SS18-431-01,assume21/06/2018,1,UK,53.38,-2.91,1,1,0,0,1,20,urban,16.52710724
SS18-209-02,21/06/2018,2,UK,53.38,-2.90,2,1,0,0,1,20,urban,16.52710724
SS18-176-01,21/06/2018,1,UK,53.19,-2.88,3,1,0,0,1,20,urban,16.40724945
SS18-034-01,21/06/2018,1,UK,56.27,-2.86,1,1,0,0,1,21,urban,16.72194481
SS18-103-01,21/06/2018,1,UK,56.27,-2.83,1,1,0,0,1,4,rural,16.96744919
SS18-380-02,21/06/2018,2,UK,54.07,-2.83,5,1,0,0,1,21,urban,16.9206562
SS18-380-01,21/06/2018,1,UK,54.07,-2.83,3,1,0,0,1,21,urban,16.9206562
SS18-098-01,21/06/2018,1,UK,56.03,-2.82,0,0,0,0,0,21,urban,17.19309235
SS18-222-02,21/06/2018,2,UK,54.37,-2.82,1,1,0,0,1,21,urban,16.70739937
SS18-222-01,21/06/2018,1,UK,54.37,-2.82,1,1,0,0,1,21,urban,16.70739937
SS18-105-01,21/06/2018,1,UK,55.77,-2.80,0,0,0,0,0,21,urban,16.87765694
SS18-135-01,21/06/2018,1,UK,54.03,-2.79,2,1,0,0,1,21,urban,16.14574242
SS18-132-01,21/06/2018,1,UK,54.03,-2.79,0,0,0,0,0,21,urban,16.31150818
SS18-070-01,21/06/2018,1,UK,54.04,-2.78,0,0,0,0,0,20,urban,16.33065033
SS18-135-02,21/06/2018,2,UK,54.00,-2.78,1,1,0,0,1,20,urban,16.445364
SS18-384-02,21/06/2018,2,UK,54.00,-2.78,2,1,0,0,1,20,urban,16.445364
SS18-134-02,21/06/2018,2,UK,54.00,-2.78,1,1,0,0,1,20,urban,16.445364
SS18-132-02,21/06/2018,2,UK,54.03,-2.78,5,1,0,0,1,21,urban,16.31150818
SS18-133-02,21/06/2018,2,UK,54.02,-2.78,1,1,0,0,1,21,urban,16.31150818
SS18-063-02,21/06/2018,2,UK,54.01,-2.78,2,1,0,0,1,20,urban,16.445364
SS18-070-02,21/06/2018,2,UK,54.01,-2.78,0,0,0,0,0,20,urban,16.445364
SS18-134-01,21/06/2018,1,UK,54.26,-2.78,1,1,0,0,1,21,urban,17.97410202
SS18-105-02,21/06/2018,2,UK,55.77,-2.78,0,0,0,0,0,21,urban,17.10270882
SS18-124-01,21/06/2018,1,UK,51.25,-2.75,0,0,0,0,0,21,urban,19.10612488
SS18-063-01,21/06/2018,1,UK,54.33,-2.75,3,1,0,0,1,21,urban,16.76299095
SS18-167-01,21/06/2018,1,UK,53.27,-2.75,1,1,0,0,1,21,urban,16.58482552
SS18-167-02,21/06/2018,2,UK,53.27,-2.75,6,1,0,0,1,21,urban,16.58482552
SS18-415-01,21/06/2018,1,UK,51.12,-2.74,1,1,0,0,1,21,urban,19.86976433
SS18-415-02,21/06/2018,2,UK,51.13,-2.74,3,1,0,0,1,21,urban,20.00971603
SS18-069-01,21/06/2018,1,UK,53.69,-2.72,1,1,0,0,1,21,urban,16.88170815
SS18-177-01,21/06/2018,1,UK,51.43,-2.66,6,1,0,0,1,21,urban,18.90340805
SS18-133-01,21/06/2018,1,UK,54.19,-2.65,1,1,0,0,1,21,urban,16.61243439
SS18-162-01,21/06/2018,1,UK,51.64,-2.65,2,1,0,0,1,21,urban,19.17539406
SS18-250-02,21/06/2018,2,UK,53.31,-2.65,7,1,0,0,1,20,urban,17.38831902
SS18-126-02,21/06/2018,2,UK,51.42,-2.61,0,0,0,0,0,21,urban,19.6178875
SS18-126-01,21/06/2018,1,UK,51.42,-2.61,1,1,0,0,1,21,urban,19.6178875
SS18-423-02,21/06/2018,2,UK,51.49,-2.60,2,1,0,0,1,21,urban,19.4861927
SS18-423-01,21/06/2018,1,UK,51.49,-2.59,1,1,1,1,2,21,urban,19.37586594
SS18-161-01,21/06/2018,1,UK,51.46,-2.57,9,1,0,0,1,20,urban,19.80288887
SS18-119-02,21/06/2018,2,UK,51.55,-2.56,1,1,0,0,1,4,rural,18.94367027
SS18-069-02,21/06/2018,2,UK,53.58,-2.56,0,0,0,0,0,4,rural,16.41311455
SS18-125-01,21/06/2018,1,UK,51.53,-2.55,2,1,0,0,1,21,urban,19.28511429
SS18-125-02,21/06/2018,2,UK,51.53,-2.55,0,0,0,0,0,21,urban,19.28511429
SS18-227-01,21/06/2018,2,UK,51.46,-2.55,0,0,0,0,0,21,urban,19.88324547
SS18-120-01,21/06/2018,1,UK,51.48,-2.52,5,1,0,0,1,21,urban,19.6236496
SS18-120-02,21/06/2018,2,UK,51.48,-2.52,3,1,0,0,1,21,urban,19.6236496
SS18-384-01,21/06/2018,1,UK,54.44,-2.52,0,0,0,0,0,4,rural,15.37700939
SS18-075-01,21/06/2018,1,UK,53.25,-2.51,2,1,1,1,2,21,urban,18.00187874
SS18-089-01,21/06/2018,1,UK,52.70,-2.51,0,0,0,0,0,21,urban,17.85682869
SS18-089-02,21/06/2018,2,UK,52.70,-2.51,1,1,0,0,1,21,urban,17.85682869
SS18-119-01,21/06/2018,1,UK,51.50,-2.49,0,0,0,0,0,21,urban,19.63301659
SS18-161-02,21/06/2018,2,UK,51.54,-2.48,7,1,0,0,1,21,urban,19.46753693
SS18-368-02,21/06/2018,2,UK,53.53,-2.46,1,1,0,0,1,21,urban,16.79603577
SS18-368-01,21/06/2018,1,UK,53.53,-2.46,1,1,0,0,1,21,urban,16.79603577
SS18-299-01,21/06/2018,1,UK,51.37,-2.38,2,1,0,0,1,21,urban,19.66738319
SS18-124-02,21/06/2018,2,UK,51.38,-2.37,0,0,0,0,0,21,urban,19.35015678
SS18-267-02,21/06/2018,2,UK,52.76,-2.37,3,1,0,0,1,20,urban,18.17308044
SS18-267-01,21/06/2018,1,UK,52.76,-2.37,1,1,0,0,1,21,urban,18.17308044
SS18-244-02,21/06/2018,2,UK,53.51,-2.33,1,1,0,0,1,21,urban,17.14929199
SS18-250-01,21/06/2018,1,UK,53.39,-2.33,3,1,0,0,1,21,urban,17.80735397
SS18-075-02,21/06/2018,2,UK,53.44,-2.28,2,1,0,0,1,21,urban,17.99836922
SS18-087-01,21/06/2018,1,UK,53.49,-2.28,1,1,0,0,1,20,urban,17.892313
SS18-242-01,21/06/2018,1,UK,53.42,-2.26,7,1,0,0,1,21,urban,17.93758965
SS18-388-01,21/06/2018,1,UK,51.34,-2.25,0,0,0,0,0,21,urban,20.09614182
SS18-388-02,21/06/2018,2,UK,51.34,-2.25,0,0,0,0,0,21,urban,20.09614182
SS18-302-02,21/06/2018,2,UK,52.78,-2.24,7,1,0,0,1,21,urban,17.59366417
SS18-202-01,21/06/2018,1,UK,53.47,-2.24,0,0,0,0,0,20,urban,17.90545273
SS18-177-02,21/06/2018,2,UK,51.86,-2.23,4,1,1,1,2,20,urban,19.36633301
SS18-168-02,21/06/2018,2,UK,53.46,-2.23,2,1,0,0,1,20,urban,17.91723251
SS18-278-01,21/06/2018,1,UK,53.45,-2.23,8,1,1,1,2,20,urban,17.94751167
SS18-242-02,21/06/2018,2,UK,53.47,-2.23,3,1,0,0,1,20,urban,17.90545273
SS18-278-02,21/06/2018,2,UK,53.46,-2.22,3,1,0,0,1,20,urban,17.90626335
SS18-170-01,21/06/2018,1,UK,53.40,-2.22,4,1,0,0,1,21,urban,17.93333244
SS18-381-01,21/06/2018,1,UK,53.33,-2.21,0,0,0,0,0,21,urban,17.35328102
SS18-381-02,21/06/2018,2,UK,53.33,-2.21,2,1,1,1,2,21,urban,17.35328102
SS18-131-02,21/06/2018,2,UK,53.00,-2.21,0,0,0,0,0,20,urban,17.30004311
SS18-409-01,21/06/2018,1,UK,52.18,-2.21,1,1,0,0,1,21,urban,19.07511711
SS18-409-02,21/06/2018,2,UK,52.18,-2.21,2,1,0,0,1,21,urban,19.07511711
SS18-170-02,21/06/2018,2,UK,53.44,-2.18,4,1,0,0,1,20,urban,17.81609344
SS18-244-01,21/06/2018,1,UK,53.51,-2.17,1,1,0,0,1,21,urban,17.30073357
SS18-326-01,21/06/2018,1,UK,53.26,-2.17,7,1,0,0,1,21,urban,16.75448227
SS18-364-02,23/06/2018,2,UK,52.20,-2.17,0,0,0,0,0,21,urban,22.08176231
SS18-362-02,21/06/2018,2,UK,52.37,-2.15,1,1,0,0,1,3,rural,18.09251595
SS18-363-02,21/06/2018,2,UK,52.26,-2.15,0,0,0,0,0,21,urban,18.70504761
SS18-363-01,21/06/2018,1,UK,52.26,-2.15,2,1,0,0,1,21,urban,18.70504761
SS18-042-02,21/06/2018,2,UK,57.14,-2.14,1,1,0,0,1,21,urban,14.54746246
SS18-042-01,21/06/2018,1,UK,57.14,-2.14,2,1,0,0,1,21,urban,14.54746246
SS18-131-01,21/06/2018,1,UK,53.02,-2.14,1,1,0,0,1,21,urban,17.20187187
SS18-350-02,21/06/2018,2,UK,51.18,-2.13,0,0,0,0,0,21,urban,19.28128052
SS18-350-01,21/06/2018,1,UK,51.18,-2.13,0,0,0,0,0,21,urban,19.28128052
SS18-266-01,21/06/2018,1,UK,52.60,-2.13,14,1,0,0,1,21,urban,18.13735962
SS18-266-02,21/06/2018,2,UK,52.60,-2.13,2,1,0,0,1,21,urban,18.13735962
SS18-326-02,21/06/2018,2,UK,53.25,-2.12,0,0,0,0,0,20,urban,17.13859558
SS18-408-01,21/06/2018,1,UK,52.81,-2.12,4,1,0,0,1,20,urban,17.86404991
SS18-246-02,21/06/2018,2,UK,50.69,-2.11,0,0,0,0,0,21,urban,20.89807701
SS18-246-01,21/06/2018,1,UK,50.69,-2.11,0,0,0,0,0,21,urban,20.89807701
SS18-252-01,21/06/2018,1,UK,57.15,-2.10,2,1,0,0,1,21,urban,14.70678043
SS18-252-02,21/06/2018,2,UK,57.16,-2.10,0,0,0,0,0,20,urban,14.77479649
SS18-241-02,21/06/2018,2,UK,53.16,-2.09,0,0,0,0,0,21,urban,16.83200073
SS18-241-01,21/06/2018,1,UK,53.16,-2.09,2,1,0,0,1,21,urban,16.83200073
SS18-168-01,21/06/2018,1,UK,53.41,-2.08,0,0,0,0,0,21,urban,17.43164253
SS18-255-02,21/06/2018,2,UK,53.75,-2.07,0,0,0,0,0,10,rural,15.05719566
SS18-255-01,21/06/2018,1,UK,53.75,-2.07,0,0,0,0,0,10,rural,15.05719566
SS18-059-01,21/06/2018,1,UK,52.78,-2.07,8,1,0,0,1,21,urban,17.888134
SS18-059-02,21/06/2018,2,UK,52.78,-2.07,2,1,0,0,1,21,urban,17.888134
SS18-362-01,21/06/2018,1,UK,52.36,-2.04,5,1,0,0,1,21,urban,17.71563339
SS18-183-01,21/06/2018,1,UK,53.44,-1.96,2,1,0,0,1,20,urban,16.83292961
SS18-067-02,21/06/2018,2,UK,52.44,-1.95,0,0,0,0,0,21,urban,17.33078766
SS18-262-02,21/06/2018,2,UK,52.43,-1.94,1,1,0,0,1,21,urban,17.46917534
SS18-263-01,21/06/2018,1,UK,52.44,-1.94,0,0,0,0,0,21,urban,17.33078766
SS18-085-02,21/06/2018,2,UK,52.34,-1.93,2,1,0,0,1,21,urban,17.53666306
SS18-085-01,21/06/2018,1,UK,52.34,-1.93,3,1,1,1,2,21,urban,17.53666306
SS18-302-01,21/06/2018,1,UK,52.45,-1.92,0,0,0,0,0,20,urban,17.58560181
SS18-111-02,21/06/2018,2,UK,52.45,-1.92,3,1,0,0,1,20,urban,17.58560181
SS18-263-02,21/06/2018,2,UK,52.47,-1.92,2,1,0,0,1,20,urban,17.25855827
SS18-188-01,21/06/2018,1,UK,52.44,-1.92,0,0,0,0,0,21,urban,17.55230141
SS18-366-02,21/06/2018,2,UK,52.43,-1.92,3,1,0,0,1,20,urban,17.67010689
SS18-262-01,21/06/2018,1,UK,52.41,-1.92,2,1,0,0,1,20,urban,17.53502846
SS18-265-02,21/06/2018,2,UK,52.75,-1.92,5,1,0,0,1,21,urban,18.36935425
SS18-265-01,21/06/2018,1,UK,52.75,-1.92,5,1,0,0,1,21,urban,18.36935425
SS18-364-01,22/06/2018,1,UK,52.45,-1.92,3,1,0,0,1,20,urban,20.87834167
SS18-111-01,21/06/2018,1,UK,52.41,-1.91,18,1,0,0,1,21,urban,17.4730854
SS18-095-01,21/06/2018,1,UK,55.30,-1.91,0,0,0,0,0,21,urban,18.07534027
SS18-067-01,21/06/2018,1,UK,52.43,-1.90,0,0,0,0,0,21,urban,17.47389603
SS18-247-02,21/06/2018,2,UK,50.75,-1.85,0,0,0,0,0,21,urban,21.12484741
SS18-247-01,21/06/2018,1,UK,50.75,-1.85,5,1,0,0,1,21,urban,21.12484741
SS18-145-02,21/06/2018,2,UK,51.42,-1.85,1,1,0,0,1,4,rural,18.31726646
SS18-145-01,21/06/2018,1,UK,51.42,-1.85,5,1,0,0,1,4,rural,18.31726646
SS18-001-08,21/06/2018,8,UK,51.83,-1.84,0,0,0,0,0,21,urban,17.67422295
SS18-173-02,21/06/2018,2,UK,51.55,-1.84,1,1,0,0,1,21,urban,19.020504
SS18-248-01,21/06/2018,1,UK,50.83,-1.82,5,1,1,1,2,21,urban,20.69407082
SS18-008-02,21/06/2018,2,UK,55.46,-1.82,0,0,0,0,0,4,rural,16.85137558
SS18-008-01,21/06/2018,1,UK,55.46,-1.82,2,1,0,0,1,4,rural,16.85137558
SS18-366-01,21/06/2018,1,UK,52.40,-1.80,0,0,0,0,0,21,urban,17.80669212
SS18-108-01,21/06/2018,1,UK,53.92,-1.80,1,1,0,0,1,21,urban,17.99176025
SS18-212-01,21/06/2018,1,UK,51.07,-1.80,0,0,0,0,0,20,urban,19.99681282
SS18-212-02,21/06/2018,2,UK,51.07,-1.80,5,1,0,0,1,20,urban,19.99681282
SS18-261-01,21/06/2018,1,UK,52.43,-1.79,7,1,0,0,1,21,urban,18.05594444
SS18-261-02,21/06/2018,2,UK,52.43,-1.79,8,1,2,1,2,21,urban,18.05594444
SS18-078-02,21/06/2018,2,UK,53.81,-1.79,0,0,0,0,0,20,urban,16.76701546
SS18-173-01,21/06/2018,1,UK,51.52,-1.79,1,1,0,0,1,21,urban,19.05139542
SS18-313-01,21/06/2018,1,UK,51.07,-1.79,1,1,0,0,1,21,urban,19.85667801
SS18-313-02,21/06/2018,2,UK,51.07,-1.79,0,0,0,0,0,21,urban,19.85667801
SS18-303-01,22/06/2018,1,UK,51.07,-1.79,2,1,0,0,1,21,urban,22.19661903
SS18-303-02,22/06/2018,2,UK,51.07,-1.79,3,1,0,0,1,21,urban,22.19661903
SS18-078-01,21/06/2018,1,UK,53.81,-1.78,1,1,0,0,1,20,urban,16.95503235
SS18-248-02,21/06/2018,2,UK,50.85,-1.78,1,1,0,0,1,21,urban,20.2388134
SS18-228-01,21/06/2018,1,UK,51.54,-1.78,4,1,0,0,1,20,urban,19.29898262
SS18-228-02,21/06/2018,2,UK,51.56,-1.78,5,1,0,0,1,21,urban,19.27161598
SS18-227-01,21/06/2018,1,UK,51.56,-1.78,9,1,0,0,1,21,urban,19.34610558
SS18-206-02,21/06/2018,2,UK,54.78,-1.77,1,1,0,0,1,21,urban,16.68881226
SS18-213-01,21/06/2018,1,UK,52.41,-1.76,1,1,0,0,1,21,urban,17.94242668
SS18-213-02,21/06/2018,2,UK,52.41,-1.76,0,0,0,0,0,21,urban,17.94242668
SS18-234-01,21/06/2018,1,UK,51.59,-1.75,1,1,0,0,1,21,urban,19.03382301
SS18-320-01,21/06/2018,1,UK,53.90,-1.74,0,0,0,0,0,21,urban,18.05093765
SS18-195-01,21/06/2018,1,UK,53.90,-1.74,0,0,0,0,0,21,urban,18.05093765
SS18-370-02,21/06/2018,2,UK,51.58,-1.74,4,1,0,0,1,21,urban,19.16449356
SS18-370-01,21/06/2018,1,UK,51.58,-1.74,1,1,0,0,1,21,urban,19.16449356
SS18-372-02,assume21/06/2018,2,UK,51.55,-1.74,2,1,0,0,1,21,urban,19.31572723
SS18-372-01,assume21/06/2018,1,UK,51.55,-1.74,3,1,0,0,1,21,urban,19.31572723
SS18-243-01,21/06/2018,1,UK,53.32,-1.73,2,1,0,0,1,21,urban,17.35569572
SS18-243-02,21/06/2018,2,UK,53.32,-1.73,0,0,0,0,0,21,urban,17.35569572
SS18-405-01,21/06/2018,1,UK,51.35,-1.73,3,1,0,0,1,21,urban,18.78443336
SS18-001-07,21/06/2018,7,UK,51.92,-1.72,1,1,0,0,1,21,urban,17.20786285
SS18-405-02,21/06/2018,2,UK,51.34,-1.72,3,1,0,0,1,21,urban,18.82790947
SS18-061-01,21/06/2018,1,UK,55.18,-1.71,0,0,0,0,0,21,urban,18.14982224
SS18-234-02,21/06/2018,2,UK,51.62,-1.71,2,1,0,0,1,20,urban,18.68119049
SS18-108-02,21/06/2018,2,UK,53.84,-1.70,0,0,0,0,0,21,urban,18.05651474
SS18-001-06,21/06/2018,6,UK,51.98,-1.70,0,0,0,0,0,21,urban,18.22919273
SS18-218-02,21/06/2018,2,UK,51.13,-1.70,1,1,0,0,1,20,urban,19.56601334
SS18-269-02,21/06/2018,2,UK,51.13,-1.70,0,0,0,0,0,20,urban,19.56601334
SS18-218-01,21/06/2018,1,UK,51.13,-1.70,0,0,0,0,0,20,urban,19.56601334
SS18-319-01,22/06/2018,1,UK,54.03,-1.69,0,0,0,0,0,21,urban,21.34446335
SS18-319-02,22/06/2018,2,UK,54.03,-1.69,0,0,0,0,0,21,urban,21.34446335
SS18-320-02,21/06/2018,2,UK,53.91,-1.68,0,0,0,0,0,21,urban,18.23631859
SS18-249-02,21/06/2018,2,UK,50.75,-1.64,0,0,0,0,0,21,urban,20.19382095
SS18-249-01,21/06/2018,1,UK,50.75,-1.64,0,0,0,0,0,21,urban,20.19382095
SS18-001-09,21/06/2018,9,UK,51.80,-1.63,0,0,0,0,0,21,urban,18.43024063
SS18-257-01,21/06/2018,1,UK,53.01,-1.62,4,1,1,1,2,21,urban,17.67081261
SS18-066-02,21/06/2018,2,UK,54.98,-1.61,1,1,0,0,1,20,urban,18.56048965
SS18-251-02,21/06/2018,2,UK,54.97,-1.61,1,1,0,0,1,20,urban,18.59715652
SS18-406-02,21/06/2018,2,UK,54.99,-1.61,4,1,0,0,1,20,urban,18.39097214
SS18-406-01,21/06/2018,1,UK,54.99,-1.61,1,1,0,0,1,20,urban,18.39097214
SS18-251-01,21/06/2018,1,UK,55.01,-1.61,1,1,1,1,2,21,urban,18.46793938
SS18-269-01,21/06/2018,1,UK,51.22,-1.60,0,0,0,0,0,21,urban,19.18387032
SS18-181-01,28/06/2018,1,UK,51.45,-1.60,1,1,0,0,1,21,urban,26.33719444
SS18-277-01,21/06/2018,1,UK,52.39,-1.59,1,1,0,0,1,21,urban,18.28861427
SS18-277-02,21/06/2018,2,UK,52.39,-1.59,6,1,0,0,1,21,urban,18.28861427
SS18-086-01,21/06/2018,1,UK,52.39,-1.59,0,0,0,0,0,21,urban,18.13529778
SS18-260-01,21/06/2018,1,UK,53.80,-1.58,1,1,0,0,1,20,urban,18.94320488
SS18-360-01,21/06/2018,1,UK,55.00,-1.58,0,0,0,0,0,21,urban,18.42541122
SS18-030-01,21/06/2018,1,UK,52.33,-1.57,1,1,0,0,1,21,urban,18.44070053
SS18-316-01,21/06/2018,1,UK,54.77,-1.57,0,0,0,0,0,21,urban,19.52791023
SS18-360-02,21/06/2018,2,UK,54.98,-1.57,2,1,0,0,1,20,urban,18.68736649
SS18-408-02,21/06/2018,2,UK,52.38,-1.56,1,1,0,0,1,20,urban,18.54674721
SS18-030-02,21/06/2018,2,UK,52.38,-1.56,2,1,0,0,1,20,urban,18.54674721
SS18-123-02,21/06/2018,2,UK,53.14,-1.56,1,1,0,0,1,21,urban,18.87857246
SS18-206-01,21/06/2018,1,UK,54.72,-1.56,0,0,0,0,0,21,urban,18.6552372
SS18-260-02,21/06/2018,2,UK,53.80,-1.55,1,1,0,0,1,20,urban,18.61322403
SS18-394-01,21/06/2018,1,UK,53.39,-1.55,9,1,0,0,1,21,urban,16.96453667
SS18-354-02,21/06/2018,2,UK,52.29,-1.54,0,0,0,0,0,21,urban,18.84531403
SS18-354-01,21/06/2018,1,UK,52.29,-1.54,0,0,0,0,0,21,urban,18.84531403
SS18-061-02,21/06/2018,2,UK,55.18,-1.54,0,0,0,0,0,20,urban,17.76570702
SS18-001-04,21/06/2018,4,UK,51.94,-1.54,6,1,0,0,1,20,urban,17.67797279
SS18-001-05,21/06/2018,5,UK,51.94,-1.54,0,0,0,0,0,20,urban,17.67797279
SS18-275-01,21/06/2018,1,UK,52.38,-1.53,4,1,0,0,1,21,urban,18.54459763
SS18-315-01,21/06/2018,1,UK,55.10,-1.53,3,1,0,0,1,21,urban,17.8586998
SS18-202-02,22/06/2018,2,UK,53.31,-1.53,19,1,1,1,2,21,urban,21.49705315
SS18-416-01,21/06/2018,1,UK,53.84,-1.51,0,0,0,0,0,21,urban,17.60112381
SS18-163-02,21/06/2018,2,UK,50.89,-1.51,3,1,0,0,1,21,urban,20.85212517
SS18-275-02,21/06/2018,2,UK,52.40,-1.50,7,1,0,0,1,20,urban,18.89029312
SS18-399-02,21/06/2018,2,UK,54.02,-1.50,9,1,0,0,1,21,urban,18.39772034
SS18-399-01,21/06/2018,1,UK,54.02,-1.50,10,1,0,0,1,21,urban,18.39772034
SS18-007-02,21/06/2018,2,UK,53.77,-1.50,4,1,1,1,2,20,urban,19.07739449
SS18-315-02,21/06/2018,2,UK,55.12,-1.50,1,1,0,0,1,20,urban,17.70971489
SS18-196-02,21/06/2018,2,UK,53.40,-1.50,0,0,0,0,0,20,urban,18.19574547
SS18-123-01,21/06/2018,1,UK,53.02,-1.48,4,1,0,0,1,20,urban,19.15298843
SS18-394-02,21/06/2018,2,UK,53.38,-1.48,0,0,0,0,0,20,urban,18.44165421
SS18-086-02,21/06/2018,2,UK,52.38,-1.47,2,1,0,0,1,21,urban,18.64431953
SS18-304-02,21/06/2018,2,UK,50.93,-1.47,1,1,0,0,1,20,urban,20.8760891
SS18-279-01,21/06/2018,1,UK,51.58,-1.45,0,0,0,0,0,21,urban,18.78208351
SS18-001-03,21/06/2018,3,UK,51.91,-1.45,0,0,0,0,0,21,urban,18.46309662
SS18-304-01,21/06/2018,1,UK,50.93,-1.44,1,1,1,1,2,21,urban,20.96548843
SS18-359-01,21/06/2018,1,UK,55.03,-1.43,0,0,0,0,0,21,urban,17.11644745
SS18-359-02,21/06/2018,2,UK,55.03,-1.43,0,0,0,0,0,21,urban,17.11644745
SS18-410-01,21/06/2018,1,UK,50.91,-1.41,1,1,0,0,1,21,urban,21.41532135
SS18-163-01,21/06/2018,1,UK,50.85,-1.40,1,1,0,0,1,21,urban,20.59984398
SS18-007-01,21/06/2018,1,UK,53.79,-1.39,0,0,0,0,0,21,urban,18.37758064
SS18-356-01,21/06/2018,1,UK,51.71,-1.35,2,1,0,0,1,21,urban,19.22980309
SS18-001-02,21/06/2018,2,UK,51.84,-1.35,3,1,0,0,1,21,urban,18.86937904
SS18-416-02,21/06/2018,2,UK,53.72,-1.35,0,0,0,0,0,20,urban,18.83828545
SS18-157-01,21/06/2018,1,UK,52.67,-1.34,4,1,0,0,1,21,urban,18.26622009
SS18-328-01,21/06/2018,1,UK,52.06,-1.32,1,1,0,0,1,20,urban,18.97270012
SS18-207-01,21/06/2018,1,UK,50.60,-1.32,8,1,0,0,1,3,rural,20.09212875
SS18-207-02,21/06/2018,2,UK,50.60,-1.32,20,1,0,0,1,3,rural,20.09212875
SS18-398-02,21/06/2018,2,UK,53.68,-1.32,0,0,0,0,0,21,urban,18.23243904
SS18-237-02,21/06/2018,2,UK,51.58,-1.31,0,0,0,0,0,21,urban,18.85952759
SS18-054-01,21/06/2018,1,UK,51.64,-1.31,8,1,0,0,1,21,urban,19.56086159
SS18-398-01,21/06/2018,1,UK,53.68,-1.31,1,1,0,0,1,21,urban,18.36531448
SS18-373-02,21/06/2018,2,UK,51.57,-1.30,0,0,0,0,0,20,urban,18.86317444
SS18-001-01,21/06/2018,1,UK,51.65,-1.30,1,1,0,0,1,21,urban,19.66630745
SS18-006-02,21/06/2018,2,UK,51.62,-1.29,0,0,0,0,0,20,urban,19.50275421
SS18-158-01,22/06/2018,2,UK,51.84,-1.29,0,0,0,0,0,4,rural,21.73501015
SS18-158-01,22/06/2018,1,UK,51.84,-1.29,0,0,0,0,0,4,rural,21.73501015
SS18-221-01,21/06/2018,1,UK,51.78,-1.28,1,1,0,0,1,21,urban,19.56463051
SS18-221-02,21/06/2018,2,UK,51.78,-1.28,1,1,0,0,1,21,urban,19.56463051
SS18-055-01,21/06/2018,1,UK,51.63,-1.27,2,1,0,0,1,21,urban,19.63841438
SS18-107-01,21/06/2018,1,UK,50.85,-1.27,2,1,0,0,1,21,urban,20.73356056
SS18-014-01,22/06/2018,1,UK,51.68,-1.27,1,1,0,0,1,21,urban,21.93220901
SS18-044-01,21/06/2018,1,UK,51.61,-1.26,0,0,0,0,0,21,urban,19.32003212
SS18-043-02,21/06/2018,2,UK,51.75,-1.26,4,1,0,0,1,20,urban,19.64880943
SS18-224-01,21/06/2018,1,UK,51.75,-1.26,4,1,0,0,1,20,urban,19.64880943
SS18-371-02,21/06/2018,2,UK,51.77,-1.26,0,0,0,0,0,20,urban,19.47998047
SS18-009-01,21/06/2018,1,UK,51.75,-1.25,1,1,0,0,1,20,urban,19.58423615
SS18-058-02,21/06/2018,2,UK,51.75,-1.25,0,0,0,0,0,20,urban,19.58410263
SS18-328-02,21/06/2018,2,UK,51.75,-1.25,1,1,0,0,1,20,urban,19.58423615
SS18-156-02,21/06/2018,2,UK,51.75,-1.25,1,1,0,0,1,20,urban,19.58423615
SS18-006-01,21/06/2018,1,UK,51.62,-1.24,0,0,0,0,0,21,urban,19.46448135
SS18-236-02,21/06/2018,2,UK,51.73,-1.24,4,1,0,0,1,21,urban,19.6882534
SS18-236-01,21/06/2018,1,UK,51.73,-1.24,6,1,0,0,1,21,urban,19.6882534
SS18-283-01,21/06/2018,1,UK,51.51,-1.24,0,0,0,0,0,21,urban,18.95528221
SS18-371-01,21/06/2018,1,UK,51.74,-1.23,0,0,0,0,0,21,urban,19.65939331
SS18-011-02,21/06/2018,2,UK,51.60,-1.23,1,1,0,0,1,21,urban,19.33941078
SS18-010-01,21/06/2018,1,UK,51.61,-1.22,10,1,0,0,1,21,urban,19.413414
SS18-002-01,21/06/2018,1,UK,51.76,-1.22,1,1,0,0,1,21,urban,19.57028389
SS18-002-02,21/06/2018,2,UK,51.76,-1.22,5,1,0,0,1,21,urban,19.57028389
SS18-156-01,21/06/2018,1,UK,51.74,-1.22,1,1,0,0,1,21,urban,19.54393768
SS18-058-01,21/06/2018,1,UK,51.72,-1.22,0,0,0,0,0,21,urban,19.37289429
SS18-046-02,21/06/2018,2,UK,51.71,-1.22,8,1,0,0,1,21,urban,19.49896049
SS18-231-01,21/06/2018,1,UK,52.93,-1.21,5,1,0,0,1,21,urban,19.28253937
SS18-226-02,21/06/2018,2,UK,51.76,-1.21,3,1,0,0,1,20,urban,19.34056282
SS18-224-02,21/06/2018,2,UK,51.76,-1.21,0,0,0,0,0,20,urban,19.34056282
SS18-374-01,21/06/2018,1,UK,51.73,-1.21,3,1,0,0,1,21,urban,19.45751572
SS18-374-02,21/06/2018,2,UK,51.73,-1.21,3,1,0,0,1,21,urban,19.45751572
SS18-279-02,21/06/2018,2,UK,51.71,-1.21,0,0,0,0,0,21,urban,19.54754448
SS18-197-01,21/06/2018,1,UK,52.92,-1.20,1,1,0,0,1,21,urban,19.53631592
SS18-012-02,22/06/2018,2,UK,52.16,-1.20,2,1,0,0,1,21,urban,20.73834229
SS18-012-01,22/06/2018,1,UK,52.16,-1.20,2,1,0,0,1,21,urban,20.73834229
SS18-014-02,22/06/2018,2,UK,51.73,-1.20,0,0,0,0,0,20,urban,22.00440025
SS18-231-02,21/06/2018,2,UK,52.94,-1.19,1,1,0,0,1,21,urban,19.21892166
SS18-197-02,21/06/2018,2,UK,52.94,-1.19,0,0,0,0,0,21,urban,19.21892166
SS18-157-02,21/06/2018,2,UK,52.59,-1.18,3,1,0,0,1,20,urban,19.0544281
SS18-017-01,21/06/2018,1,UK,51.60,-1.14,1,1,0,0,1,21,urban,19.09107399
SS18-329-02,21/06/2018,2,UK,50.79,-1.14,2,1,0,0,1,20,urban,20.87439156
SS18-396-02,21/06/2018,2,UK,50.72,-1.14,0,0,0,0,0,21,urban,20.5892334
SS18-396-01,21/06/2018,1,UK,50.72,-1.14,4,1,0,0,1,21,urban,20.5892334
SS18-013-02,21/06/2018,2,UK,51.59,-1.13,4,1,0,0,1,21,urban,18.95721436
SS18-043-01,21/06/2018,1,UK,51.60,-1.13,6,1,0,0,1,21,urban,19.09107399
SS18-233-01,21/06/2018,2,UK,51.60,-1.13,1,1,0,0,1,21,urban,19.09107399
SS18-013-01,21/06/2018,1,UK,51.60,-1.13,8,1,1,1,2,21,urban,18.95721436
SS18-015-01,21/06/2018,1,UK,51.60,-1.13,7,1,0,0,1,21,urban,18.95721436
SS18-015-02,21/06/2018,2,UK,51.60,-1.13,0,0,0,0,0,21,urban,18.95721436
SS18-430-02,21/06/2018,2,UK,51.60,-1.13,1,1,0,0,1,21,urban,18.95721436
SS18-430-01,21/06/2018,1,UK,51.60,-1.13,1,1,0,0,1,21,urban,18.95721436
SS18-040-01,21/06/2018,1,UK,51.59,-1.13,17,1,1,1,2,21,urban,18.95721436
SS18-004-02,21/06/2018,2,UK,51.56,-1.13,2,1,0,0,1,21,urban,19.21155739
SS18-004-01,21/06/2018,1,UK,51.56,-1.13,2,1,0,0,1,21,urban,19.21155739
SS18-226-01,21/06/2018,1,UK,51.74,-1.13,0,0,0,0,0,21,urban,19.07833672
SS18-016-01,21/06/2018,1,UK,51.54,-1.13,0,0,0,0,0,21,urban,19.25760269
SS18-258-02,21/06/2018,2,UK,51.52,-1.13,0,0,0,0,0,21,urban,19.46505356
SS18-046-01,22/06/2018,1,UK,51.59,-1.13,1,1,0,0,1,21,urban,20.80945587
SS18-088-01,21/06/2018,1,UK,51.60,-1.12,0,0,0,0,0,21,urban,18.95721436
SS18-088-02,21/06/2018,2,UK,51.60,-1.12,5,1,0,0,1,21,urban,18.95721436
SS18-238-01,21/06/2018,1,UK,51.59,-1.12,3,1,0,0,1,21,urban,18.95721436
SS18-040-02,21/06/2018,2,UK,51.60,-1.12,3,1,0,0,1,21,urban,18.95721436
SS18-233-01,21/06/2018,1,UK,51.60,-1.12,4,1,0,0,1,21,urban,18.95721436
SS18-003-01,21/06/2018,1,UK,51.60,-1.12,7,1,0,0,1,21,urban,18.95721436
SS18-373-01,21/06/2018,1,UK,51.60,-1.12,7,1,0,0,1,21,urban,18.95721436
SS18-375-02,21/06/2018,2,UK,51.59,-1.12,2,1,1,1,2,21,urban,19.03982925
SS18-375-01,21/06/2018,1,UK,51.59,-1.12,1,1,0,0,1,21,urban,19.03982925
SS18-194-02,21/06/2018,2,UK,51.60,-1.11,0,0,0,0,0,20,urban,18.90994263
SS18-055-02,21/06/2018,2,UK,51.60,-1.11,1,1,0,0,1,20,urban,18.90994263
SS18-356-02,21/06/2018,2,UK,51.60,-1.11,0,0,0,0,0,20,urban,18.90994263
SS18-010-02,21/06/2018,2,UK,51.60,-1.11,0,0,0,0,0,20,urban,18.90994263
SS18-009-02,21/06/2018,2,UK,51.60,-1.11,0,0,0,0,0,20,urban,18.90994263
SS18-238-02,21/06/2018,2,UK,51.59,-1.11,3,1,0,0,1,20,urban,18.98228455
SS18-011-01,21/06/2018,1,UK,51.60,-1.11,0,0,0,0,0,20,urban,18.90994263
SS18-005-01,21/06/2018,1,UK,51.66,-1.07,0,0,0,0,0,21,urban,19.05066109
SS18-095-02,21/06/2018,2,UK,51.66,-1.07,0,0,0,0,0,21,urban,19.05066109
SS18-369-01,21/06/2018,1,UK,53.94,-1.07,1,1,0,0,1,20,urban,19.4129982
SS18-369-02,21/06/2018,2,UK,53.94,-1.07,0,0,0,0,0,20,urban,19.4129982
SS18-417-01,23/06/2018,1,UK,53.96,-1.07,0,0,0,0,0,20,urban,22.33860207
SS18-005-02,21/06/2018,2,UK,51.61,-1.06,4,1,1,1,2,21,urban,18.9545784
SS18-329-01,21/06/2018,1,UK,50.82,-1.06,0,0,0,0,0,20,urban,21.17367172
SS18-235-02,21/06/2018,2,UK,51.30,-1.05,1,1,0,0,1,21,urban,19.73092461
SS18-235-01,21/06/2018,1,UK,51.30,-1.05,2,1,0,0,1,21,urban,19.73092461
SS18-417-02,23/06/2018,2,UK,53.94,-1.05,0,0,0,0,0,21,urban,22.04174995
SS18-056-01,21/06/2018,1,UK,51.64,-1.01,0,0,0,0,0,3,rural,18.71999359
SS18-254-01,21/06/2018,1,UK,54.25,-0.99,2,1,0,0,1,4,rural,18.67854881
SS18-254-02,21/06/2018,2,UK,54.25,-0.99,1,1,0,0,1,4,rural,18.67854881
SS18-401-02,21/06/2018,2,UK,51.63,-0.97,0,0,0,0,0,1,rural,17.69343185
SS18-401-01,21/06/2018,1,UK,51.63,-0.97,1,1,0,0,1,1,rural,17.69343185
SS18-016-02,21/06/2018,2,UK,51.47,-0.97,1,1,0,0,1,21,urban,19.70400429
SS18-351-01,21/06/2018,1,UK,50.83,-0.96,0,0,0,0,0,20,urban,20.87439156
SS18-258-01,21/06/2018,1,UK,51.45,-0.95,0,0,0,0,0,20,urban,19.98943329
SS18-389-02,21/06/2018,2,UK,51.46,-0.95,4,1,0,0,1,21,urban,20.05371284
SS18-264-02,21/06/2018,2,UK,53.82,-0.95,0,0,0,0,0,21,urban,19.0169735
SS18-400-01,21/06/2018,1,UK,51.43,-0.94,0,0,0,0,0,21,urban,19.62467766
SS18-400-02,21/06/2018,2,UK,51.43,-0.94,2,1,0,0,1,21,urban,19.62467766
SS18-230-01,21/06/2018,1,UK,52.83,-0.93,4,1,0,0,1,21,urban,18.57157707
SS18-282-02,21/06/2018,2,UK,50.85,-0.93,1,1,0,0,1,21,urban,20.87029266
SS18-282-04,21/06/2018,4,UK,50.85,-0.93,0,0,0,0,0,21,urban,20.87029266
SS18-282-01,21/06/2018,1,UK,50.85,-0.93,0,0,0,0,0,21,urban,20.87029266
SS18-282-03,21/06/2018,3,UK,50.85,-0.93,0,0,0,0,0,21,urban,20.87029266
SS18-264-01,21/06/2018,1,UK,53.79,-0.92,1,1,0,0,1,21,urban,19.01366615
SS18-349-02,21/06/2018,2,UK,52.20,-0.89,1,1,0,0,1,21,urban,19.28400993
SS18-349-01,21/06/2018,1,UK,52.20,-0.89,1,1,0,0,1,21,urban,19.28400993
SS18-239-02,21/06/2018,2,UK,51.94,-0.88,1,1,0,0,1,21,urban,18.89919662
SS18-232-01,21/06/2018,1,UK,51.42,-0.87,2,1,0,0,1,21,urban,19.81820107
SS18-223-01,21/06/2018,1,UK,51.48,-0.86,0,0,0,0,0,21,urban,19.80219269
SS18-045-02,22/06/2018,2,UK,51.73,-0.86,0,0,0,0,0,21,urban,21.91355133
SS18-025-01,21/06/2018,1,UK,51.10,-0.85,1,1,0,0,1,21,urban,20.66291428
SS18-025-02,21/06/2018,2,UK,51.10,-0.85,0,0,0,0,0,21,urban,20.66291428
SS18-147-01,21/06/2018,1,UK,51.40,-0.85,1,1,0,0,1,21,urban,19.77484894
SS18-225-02,21/06/2018,2,UK,51.40,-0.84,0,0,0,0,0,21,urban,19.75968552
SS18-045-01,22/06/2018,1,UK,51.71,-0.84,0,0,0,0,0,21,urban,21.97703934
SS18-225-01,21/06/2018,1,UK,51.40,-0.83,0,0,0,0,0,20,urban,19.63760185
SS18-424-01,assume21/06/2018,1,UK,51.81,-0.83,1,1,0,0,1,21,urban,19.50734901
SS18-211-01,21/06/2018,1,UK,52.42,-0.81,0,0,0,0,0,3,rural,18.57665253
SS18-211-02,21/06/2018,2,UK,52.42,-0.81,0,0,0,0,0,3,rural,18.57665253
SS18-424-02,assume21/06/2018,2,UK,51.81,-0.81,0,0,0,0,0,21,urban,19.50171661
SS18-064-02,21/06/2018,2,UK,51.79,-0.80,2,1,0,0,1,20,urban,19.39535332
SS18-035-01,21/06/2018,1,UK,52.00,-0.80,0,0,0,0,0,21,urban,19.03915405
SS18-239-01,21/06/2018,1,UK,51.80,-0.79,0,0,0,0,0,21,urban,19.3746109
SS18-064-01,21/06/2018,1,UK,51.80,-0.78,1,1,0,0,1,21,urban,19.42497253
SS18-393-01,23/06/2018,1,UK,53.92,-0.78,0,0,0,0,0,21,urban,20.43968964
SS18-393-02,23/06/2018,2,UK,53.92,-0.78,0,0,0,0,0,21,urban,20.43968964
SS18-056-02,21/06/2018,2,UK,51.61,-0.77,6,1,4,1,2,20,urban,18.80241585
SS18-035-02,21/06/2018,2,UK,52.00,-0.77,0,0,0,0,0,21,urban,19.36782265
SS18-053-01,21/06/2018,1,UK,51.30,-0.76,2,1,0,0,1,21,urban,19.99692917
SS18-029-01,21/06/2018,1,UK,52.66,-0.74,18,1,0,0,1,21,urban,18.23845291
SS18-274-01,21/06/2018,1,UK,52.08,-0.73,2,1,0,0,1,21,urban,19.4561348
SS18-327-01,21/06/2018,1,UK,51.65,-0.70,0,0,0,0,0,21,urban,18.37175941
SS18-274-02,21/06/2018,2,UK,52.02,-0.70,1,1,0,0,1,20,urban,19.67541504
SS18-201-01,21/06/2018,1,UK,52.38,-0.69,2,1,0,0,1,21,urban,19.40889359
SS18-201-02,21/06/2018,2,UK,52.37,-0.67,0,0,0,0,0,3,rural,19.27493668
SS18-229-01,21/06/2018,1,UK,52.90,-0.66,1,1,0,0,1,21,urban,18.71042252
SS18-230-02,21/06/2018,2,UK,52.90,-0.65,0,0,0,0,0,21,urban,18.77418518
SS18-229-02,21/06/2018,2,UK,52.90,-0.65,0,0,0,0,0,21,urban,18.77418518
SS18-232-02,21/06/2018,2,UK,51.40,-0.63,1,1,0,0,1,21,urban,19.59744072
SS18-024-02,21/06/2018,2,UK,51.32,-0.62,1,1,0,0,1,21,urban,19.82406044
SS18-024-01,21/06/2018,1,UK,51.31,-0.62,2,1,0,0,1,21,urban,19.82406044
SS18-144-02,21/06/2018,2,UK,51.70,-0.61,3,1,0,0,1,20,urban,18.86655617
SS18-065-02,21/06/2018,2,UK,51.72,-0.61,1,1,0,0,1,21,urban,18.40326691
SS18-065-01,21/06/2018,1,UK,51.72,-0.61,0,0,0,0,0,21,urban,18.40326691
SS18-198-02,21/06/2018,2,UK,51.75,-0.60,6,1,0,0,1,21,urban,18.10402679
SS18-144-01,21/06/2018,1,UK,51.71,-0.60,2,1,0,0,1,21,urban,18.73965263
SS18-198-01,21/06/2018,1,UK,51.76,-0.59,0,0,0,0,0,21,urban,18.60970879
SS18-276-01,21/06/2018,1,UK,52.29,-0.59,4,1,0,0,1,20,urban,19.73781395
SS18-276-02,21/06/2018,2,UK,52.29,-0.59,3,1,0,0,1,20,urban,19.73781395
SS18-026-01,21/06/2018,1,UK,51.24,-0.58,1,1,0,0,1,20,urban,20.16478348
SS18-026-02,21/06/2018,2,UK,51.24,-0.57,1,1,0,0,1,21,urban,20.13960457
SS18-019-01,21/06/2018,1,UK,51.30,-0.56,0,0,0,0,0,21,urban,20.14355278
SS18-413-02,21/06/2018,2,UK,51.42,-0.56,0,0,0,0,0,21,urban,19.63905907
SS18-391-01,21/06/2018,1,UK,51.42,-0.56,2,1,0,0,1,21,urban,19.63905907
SS18-351-02,21/06/2018,2,UK,50.80,-0.54,2,1,0,0,1,20,urban,20.42432976
SS18-203-02,21/06/2018,2,UK,51.26,-0.53,4,1,0,0,1,21,urban,20.12881088
SS18-245-02,21/06/2018,2,UK,53.24,-0.50,2,1,0,0,1,21,urban,18.99460411
SS18-245-01,21/06/2018,1,UK,53.24,-0.50,3,1,0,0,1,21,urban,18.99460411
SS18-196-01,21/06/2018,1,UK,51.53,-0.47,0,0,0,0,0,20,urban,19.9088192
SS18-143-01,21/06/2018,1,UK,51.73,-0.45,1,1,1,1,2,21,urban,19.04743767
SS18-143-02,21/06/2018,2,UK,51.73,-0.44,0,0,0,0,0,21,urban,18.73979568
SS18-271-01,21/06/2018,1,UK,51.02,-0.44,0,0,0,0,0,21,urban,20.48412704
SS18-271-02,21/06/2018,2,UK,51.01,-0.44,1,1,0,0,1,21,urban,20.60207748
SS18-053-02,21/06/2018,2,UK,51.44,-0.44,1,1,0,0,1,20,urban,20.46916389
SS18-193-01,21/06/2018,1,UK,50.83,-0.43,0,0,0,0,0,21,urban,20.50746918
SS18-193-02,21/06/2018,2,UK,50.83,-0.43,3,1,2,1,2,21,urban,20.50746918
SS18-082-02,21/06/2018,2,UK,51.64,-0.43,2,1,0,0,1,21,urban,19.58739471
SS18-082-01,21/06/2018,1,UK,51.64,-0.43,8,1,4,1,2,21,urban,19.58739471
SS18-347-01,21/06/2018,1,UK,51.59,-0.39,3,1,0,0,1,21,urban,19.5100441
SS18-347-02,21/06/2018,2,UK,51.59,-0.39,1,1,0,0,1,21,urban,19.5100441
SS18-214-02,21/06/2018,2,UK,53.74,-0.39,5,1,0,0,1,21,urban,18.4751091
SS18-214-01,21/06/2018,1,UK,53.74,-0.39,0,0,0,0,0,21,urban,18.4751091
SS18-019-02,21/06/2018,2,UK,51.41,-0.37,1,1,0,0,1,20,urban,19.76866531
SS18-047-01,21/06/2018,1,UK,51.63,-0.37,0,0,0,0,0,21,urban,19.47116661
SS18-047-02,21/06/2018,2,UK,51.63,-0.37,10,1,0,0,1,21,urban,19.47116661
SS18-104-01,21/06/2018,1,UK,51.57,-0.35,0,0,0,0,0,21,urban,19.67600441
SS18-413-01,21/06/2018,1,UK,51.29,-0.35,2,1,0,0,1,21,urban,20.29373169
SS18-104-02,22/06/2018,2,UK,51.57,-0.35,1,1,0,0,1,21,urban,22.04730415
SS18-338-01,21/06/2018,1,UK,51.76,-0.34,2,1,0,0,1,21,urban,18.77773094
SS18-376-01,21/06/2018,1,UK,52.63,-0.34,3,1,0,0,1,21,urban,20.06836319
SS18-240-01,21/06/2018,1,UK,51.46,-0.29,1,1,0,0,1,20,urban,19.87341499
SS18-240-02,21/06/2018,2,UK,51.48,-0.29,0,0,0,0,0,20,urban,19.92274857
SS18-027-01,21/06/2018,1,UK,52.26,-0.26,0,0,0,0,0,21,urban,19.31942749
SS18-079-01,21/06/2018,1,UK,52.11,-0.26,0,0,0,0,0,21,urban,19.41538429
SS18-090-02,21/06/2018,2,UK,51.64,-0.23,0,0,0,0,0,21,urban,19.16742325
SS18-090-01,21/06/2018,1,UK,51.64,-0.23,1,1,0,0,1,21,urban,19.16742325
SS18-376-02,21/06/2018,2,UK,52.58,-0.23,4,1,0,0,1,21,urban,19.93060493
SS18-412-01,21/06/2018,1,UK,51.50,-0.22,1,1,0,0,1,20,urban,20.46110153
SS18-412-02,21/06/2018,2,UK,51.50,-0.22,1,1,0,0,1,20,urban,20.46110153
SS18-391-02,21/06/2018,2,UK,51.46,-0.21,0,0,0,0,0,20,urban,20.53524017
SS18-029-02,21/06/2018,2,UK,52.32,-0.20,0,0,0,0,0,4,rural,19.24074364
SS18-051-02,21/06/2018,2,UK,51.48,-0.20,0,0,0,0,0,20,urban,20.51517868
SS18-051-01,21/06/2018,1,UK,51.48,-0.20,0,0,0,0,0,20,urban,20.51517868
SS18-301-02,21/06/2018,2,UK,51.65,-0.19,2,1,0,0,1,20,urban,18.9429245
SS18-301-01,21/06/2018,1,UK,51.65,-0.19,1,1,0,0,1,20,urban,18.9429245
SS18-050-01,21/06/2018,1,UK,51.53,-0.18,7,1,0,0,1,20,urban,20.46649361
SS18-050-02,21/06/2018,2,UK,51.53,-0.18,5,1,0,0,1,20,urban,20.46649361
SS18-389-01,21/06/2018,1,UK,51.47,-0.18,1,1,0,0,1,20,urban,20.78173065
SS18-164-01,21/06/2018,1,UK,51.17,-0.17,2,1,0,0,1,21,urban,19.77104759
SS18-223-02,21/06/2018,2,UK,51.51,-0.17,1,1,0,0,1,20,urban,20.72050858
SS18-048-02,21/06/2018,2,UK,51.51,-0.17,0,0,0,0,0,20,urban,20.72050858
SS18-049-02,21/06/2018,2,UK,51.51,-0.17,0,0,0,0,0,20,urban,20.72050858
SS18-049-03,21/06/2018,3,UK,51.51,-0.17,0,0,0,0,0,20,urban,20.72050858
SS18-205-02,21/06/2018,2,UK,50.82,-0.16,0,0,0,0,0,20,urban,20.07356071
SS18-411-01,21/06/2018,1,UK,51.55,-0.16,2,1,0,0,1,20,urban,20.12831306
SS18-327-02,21/06/2018,2,UK,51.53,-0.15,1,1,0,0,1,20,urban,20.91473579
SS18-203-01,21/06/2018,1,UK,51.53,-0.15,0,0,0,0,0,20,urban,20.91473579
SS18-341-01,21/06/2018,1,UK,51.53,-0.15,3,1,0,0,1,20,urban,20.91473579
SS18-164-02,21/06/2018,2,UK,51.18,-0.15,0,0,0,0,0,21,urban,19.81879616
SS18-031-01,21/06/2018,1,UK,51.43,-0.15,0,0,0,0,0,20,urban,20.46917534
SS18-159-01,21/06/2018,1,UK,51.54,-0.14,1,1,0,0,1,20,urban,20.81938934
SS18-205-01,21/06/2018,1,UK,50.84,-0.13,1,1,0,0,1,21,urban,20.11153221
SS18-178-01,21/06/2018,1,UK,51.53,-0.13,0,0,0,0,0,20,urban,21.0637188
SS18-172-02,21/06/2018,2,UK,51.49,-0.13,0,0,0,0,0,20,urban,21.12724304
SS18-022-02,21/06/2018,2,UK,51.49,-0.13,0,0,0,0,0,20,urban,21.12724304
SS18-383-02,21/06/2018,2,UK,51.49,-0.13,0,0,0,0,0,20,urban,21.12724304
SS18-039-02,21/06/2018,2,UK,51.49,-0.13,2,1,0,0,1,20,urban,21.12724304
SS18-178-02,21/06/2018,2,UK,51.52,-0.13,0,0,0,0,0,20,urban,21.12893295
SS18-300-02,21/06/2018,2,UK,51.52,-0.13,3,1,0,0,1,20,urban,20.99712563
SS18-159-02,21/06/2018,2,UK,51.53,-0.12,2,1,0,0,1,20,urban,21.0619545
SS18-039-01,21/06/2018,1,UK,51.56,-0.12,1,1,0,0,1,20,urban,20.5829277
SS18-272-01,21/06/2018,1,UK,50.81,-0.11,0,0,0,0,0,20,urban,20.54872704
SS18-387-01,21/06/2018,1,UK,52.34,-0.11,0,0,0,0,0,21,urban,18.89756584
SS18-387-02,21/06/2018,2,UK,52.34,-0.11,3,1,0,0,1,21,urban,18.89756584
SS18-273-01,21/06/2018,1,UK,50.96,-0.11,0,0,0,0,0,21,urban,20.37154579
SS18-273-02,21/06/2018,2,UK,50.96,-0.11,4,1,0,0,1,21,urban,20.37154579
SS18-052-02,21/06/2018,2,UK,51.45,-0.11,0,0,0,0,0,20,urban,20.64052582
SS18-052-01,21/06/2018,1,UK,51.45,-0.11,0,0,0,0,0,20,urban,20.64052582
SS18-185-01,21/06/2018,,UK,51.52,-0.11,4,1,0,0,1,20,urban,21.09184837
SS18-185-02,21/06/2018,2,UK,51.52,-0.11,6,1,0,0,1,20,urban,21.09184837
SS18-022-01,21/06/2018,1,UK,51.43,-0.10,2,1,0,0,1,20,urban,19.97874069
SS18-272-02,21/06/2018,2,UK,50.84,-0.09,0,0,0,0,0,21,urban,20.36529922
SS18-172-01,21/06/2018,1,UK,51.58,-0.09,2,1,0,0,1,20,urban,20.39494514
SS18-383-01,21/06/2018,1,UK,51.50,-0.08,0,0,0,0,0,20,urban,21.04210091
SS18-049-01,21/06/2018,1,UK,51.41,-0.08,0,0,0,0,0,21,urban,19.59082603
SS18-031-02,21/06/2018,2,UK,51.43,-0.08,0,0,0,0,0,20,urban,20.20660591
SS18-048-01,21/06/2018,1,UK,51.44,-0.08,1,1,0,0,1,21,urban,20.20660591
SS18-300-01,21/06/2018,1,UK,51.46,-0.08,1,1,0,0,1,20,urban,20.56550026
SS18-032-01,21/06/2018,1,UK,51.38,-0.07,2,1,0,0,1,21,urban,20.08625221
SS18-079-02,21/06/2018,2,UK,52.40,-0.07,2,1,0,0,1,21,urban,18.86065674
SS18-348-01,21/06/2018,1,UK,51.47,-0.04,1,1,0,0,1,20,urban,20.85281563
SS18-348-02,21/06/2018,2,UK,51.47,-0.04,3,1,0,0,1,20,urban,20.85281563
SS18-027-02,21/06/2018,2,UK,52.05,-0.03,0,0,0,0,0,20,urban,18.92260933
SS18-146-02,21/06/2018,2,UK,51.57,-0.01,1,1,0,0,1,20,urban,20.39048386
SS18-146-01,21/06/2018,1,UK,51.58,-0.01,1,1,0,0,1,20,urban,20.39048386
SS18-340-01,21/06/2018,1,UK,51.53,0.01,11,1,2,1,2,20,urban,20.50230598
SS18-340-02,21/06/2018,2,UK,51.45,0.01,0,0,0,0,0,20,urban,20.51506615
SS18-032-02,21/06/2018,2,UK,51.49,0.01,1,1,0,0,1,20,urban,21.04210091
SS18-339-01,21/06/2018,1,UK,52.07,0.01,1,1,0,0,1,21,urban,19.06224442
SS18-341-02,21/06/2018,2,UK,51.55,0.02,0,0,0,0,0,20,urban,20.42396164
SS18-071-02,21/06/2018,2,UK,51.49,0.03,1,1,0,0,1,20,urban,20.55960846
SS18-112-01,21/06/2018,1,UK,51.43,0.07,1,1,0,0,1,20,urban,20.02807617
SS18-071-01,21/06/2018,1,UK,51.45,0.08,0,0,0,0,0,21,urban,19.69408226
SS18-028-02,21/06/2018,2,UK,53.17,0.09,0,0,0,0,0,21,urban,17.64225388
SS18-028-01,21/06/2018,1,UK,53.17,0.09,1,1,0,0,1,21,urban,17.84641266
SS18-113-02,21/06/2018,2,UK,51.39,0.12,1,1,0,0,1,21,urban,19.81467438
SS18-113-01,21/06/2018,1,UK,51.39,0.12,2,1,0,0,1,21,urban,19.81467438
SS18-018-02,21/06/2018,2,UK,52.17,0.12,1,1,0,0,1,3,rural,18.70571136
SS18-298-02,21/06/2018,2,UK,51.55,0.13,3,1,0,0,1,21,urban,20.24396133
SS18-298-01,21/06/2018,1,UK,51.55,0.13,2,1,0,0,1,21,urban,20.24396133
SS18-160-02,21/06/2018,2,UK,52.10,0.13,1,1,0,0,1,20,urban,18.83603859
SS18-083-01,21/06/2018,1,UK,52.19,0.14,0,0,0,0,0,20,urban,18.68338394
SS18-083-02,21/06/2018,2,UK,52.17,0.14,12,1,0,0,1,20,urban,18.66708374
SS18-208-01,21/06/2018,1,UK,52.20,0.14,0,0,0,0,0,20,urban,18.68338394
SS18-208-02,21/06/2018,2,UK,52.20,0.14,0,0,0,0,0,20,urban,18.68338394
SS18-018-01,21/06/2018,1,UK,52.18,0.16,0,0,0,0,0,20,urban,18.74260902
SS18-080-02,21/06/2018,2,UK,52.07,0.18,1,1,0,0,1,20,urban,18.88689804
SS18-422-01,21/06/2018,1,UK,52.17,0.19,1,1,0,0,1,21,urban,18.24892235
SS18-361-01,21/06/2018,1,UK,52.00,0.20,3,1,0,0,1,1,rural,18.6231041
SS18-422-02,21/06/2018,2,UK,52.16,0.21,3,1,0,0,1,3,rural,18.65793419
SS18-080-01,21/06/2018,1,UK,52.02,0.24,2,1,0,0,1,21,urban,18.57042885
SS18-210-02,21/06/2018,2,UK,52.40,0.27,0,0,0,0,0,21,urban,18.7463913
SS18-160-01,21/06/2018,1,UK,52.34,0.32,0,0,0,0,0,21,urban,18.85704231
SS18-410-02,21/06/2018,2,UK,51.72,0.48,0,0,0,0,0,20,urban,19.02097321
SS18-137-02,21/06/2018,2,UK,51.15,0.52,2,1,0,0,1,21,urban,20.10668945
SS18-137-01,21/06/2018,1,UK,51.15,0.53,0,0,0,0,0,21,urban,20.08282471
SS18-284-01,21/06/2018,1,UK,52.13,0.67,0,0,0,0,0,21,urban,18.99238205
SS18-284-02,01/07/2018,2,UK,52.13,0.67,0,0,0,0,0,21,urban,27.19574547
SS18-129-01,21/06/2018,1,UK,51.43,0.77,0,0,0,0,0,20,urban,19.22739792
SS18-129-02,21/06/2018,2,UK,51.43,0.77,0,0,0,0,0,20,urban,19.22739792
SS18-210-01,21/06/2018,1,UK,52.33,1.20,1,1,0,0,1,4,rural,17.49036789
SS18-397-02,21/06/2018,2,UK,52.60,1.23,1,1,0,0,1,21,urban,16.79722404
SS18-397-01,21/06/2018,1,UK,52.60,1.23,0,0,0,0,0,21,urban,16.79722404
SS18-136-02,21/06/2018,1,UK,51.83,1.25,3,1,0,0,1,21,urban,17.58158684
SS18-136-01,21/06/2018,1,UK,51.83,1.25,1,1,0,0,1,21,urban,17.58158684
SS18-367-01,assume21/06/2018,1,UK,52.61,1.25,1,1,0,0,1,21,urban,16.7452755
SS18-141-02,21/06/2018,2,UK,52.61,1.26,1,1,0,0,1,21,urban,16.74436569
SS18-141-01,21/06/2018,1,UK,52.61,1.26,2,1,0,0,1,21,urban,16.74436569
SS18-367-02,assume21/06/2018,2,UK,52.66,1.28,0,0,0,0,0,20,urban,16.63355064
SS18-128-01,21/06/2018,1,UK,52.09,1.32,1,1,0,0,1,21,urban,18.05663681
SS18-128-02,21/06/2018,2,UK,52.09,1.32,3,1,0,0,1,21,urban,18.05663681
SS18-256-02,21/06/2018,2,UK,52.14,1.44,8,1,0,0,1,21,urban,17.54540253
SS18-256-01,21/06/2018,1,UK,52.14,1.44,3,1,0,0,1,21,urban,17.54540253
SS18-138-01,21/06/2018,1,UK,52.35,1.51,2,1,0,0,1,21,urban,16.78634071
SS18-138-02,21/06/2018,2,UK,52.35,1.51,3,1,0,0,1,21,urban,16.78634071
SS18-140-02,21/06/2018,2,UK,52.32,1.55,0,0,0,0,0,21,urban,16.59581184
SS18-139-01,21/06/2018,1,UK,52.20,1.58,1,1,1,1,2,21,urban,16.22788239
SS18-139-02,21/06/2018,2,UK,52.16,1.59,1,1,0,0,1,4,rural,16.06299019
